"","text","favorited","favoriteCount","replyToSN","created","truncated","replyToSID","id","replyToUID","statusSource","screenName","retweetCount","isRetweet","retweeted","longitude","latitude"
"1","RT @MCU_Tweets: He still has a date... #AvengersEndgame https://t.co/eeKQVyqgvS",FALSE,0,NA,2018-12-10 09:16:07,FALSE,NA,"1072057363413131265",NA,"<a href=""http://twitter.com/download/iphone"" rel=""nofollow"">Twitter for iPhone</a>","sykrhmn07",1684,TRUE,FALSE,NA,NA
"2","RT @Overseasrights: And Rest is history üòÇüòÇüòÇ

#BoyaMass #VinayaVidheyaRama 
#VVR #AvengersEndgame #Avengers4 https://t.co/mGD2FGCCbW",FALSE,0,NA,2018-12-10 09:16:03,FALSE,NA,"1072057343972585472",NA,"<a href=""http://twitter.com/download/android"" rel=""nofollow"">Twitter for Android</a>","ajithreddysking",5,TRUE,FALSE,NA,NA
"3","RT @MarvelNewsCast: Talking about 2 #MarvelStudios trailers on this week‚Äôs #podcast! #CaptainMarvel #AvengersEndgame https://t.co/xnUKtUPAsA",FALSE,0,NA,2018-12-10 09:15:49,FALSE,NA,"1072057287039246337",NA,"<a href=""http://twitter.com/download/android"" rel=""nofollow"">Twitter for Android</a>","canoestheone",5,TRUE,FALSE,NA,NA
"4","RT @MCU_Tweets: He still has a date... #AvengersEndgame https://t.co/eeKQVyqgvS",FALSE,0,NA,2018-12-10 09:15:41,FALSE,NA,"1072057254336176128",NA,"<a href=""http://twitter.com"" rel=""nofollow"">Twitter Web Client</a>","Maria4LOL",1684,TRUE,FALSE,NA,NA
"5","RT @Avengers: To the greatest fans in the world, thank you for being there from the beginning til the endgame and making Marvel Studios‚Äô #A‚Ä¶",FALSE,0,NA,2018-12-10 09:15:40,FALSE,NA,"1072057250095673344",NA,"<a href=""http://twitter.com/download/android"" rel=""nofollow"">Twitter for Android</a>","ramadipr",17823,TRUE,FALSE,NA,NA
"6","RT @MatthewACherry: How Thanos was spending his post snap retirement in his garden between #InfinityWar &amp; #AvengersEndGame https://t.co/ObB‚Ä¶",FALSE,0,NA,2018-12-10 09:15:34,FALSE,NA,"1072057224690843649",NA,"<a href=""http://twitter.com/download/iphone"" rel=""nofollow"">Twitter for iPhone</a>","HarrysShortFor",3994,TRUE,FALSE,NA,NA
"7","RT @ComicBooksTalk: Pepper getting her own suit after seeing Tony's message 
#AvengersEndgame  https://t.co/RuZSkwatJk",FALSE,0,NA,2018-12-10 09:15:30,FALSE,NA,"1072057205418012673",NA,"<a href=""http://twitter.com/download/android"" rel=""nofollow"">Twitter for Android</a>","HerbatkaLipton",700,TRUE,FALSE,NA,NA
"8","RT @RenataKonkoly: Tony Stark should not worry for a second, help is on the way. @elonmusk @SpaceX #AvengersEndgame https://t.co/DImN1fzcuN",FALSE,0,NA,2018-12-10 09:15:20,FALSE,NA,"1072057165194674181",NA,"<a href=""http://twitter.com/download/android"" rel=""nofollow"">Twitter for Android</a>","FullSpeedLDMT",1407,TRUE,FALSE,NA,NA
"9","RT @RenataKonkoly: Tony Stark should not worry for a second, help is on the way. @elonmusk @SpaceX #AvengersEndgame https://t.co/DImN1fzcuN",FALSE,0,NA,2018-12-10 09:15:19,FALSE,NA,"1072057159616126976",NA,"<a href=""http://twitter.com/download/iphone"" rel=""nofollow"">Twitter for iPhone</a>","Chris_guti6",1407,TRUE,FALSE,NA,NA
"10","RT @HydroRayz: ‚ÄúPart of the journey is the end.‚Äù

It‚Äôs the perfect time to do this again before #AvengersEndgame https://t.co/tkAQz3Vq0H",FALSE,0,NA,2018-12-10 09:15:12,FALSE,NA,"1072057129807241219",NA,"<a href=""http://twitter.com/download/iphone"" rel=""nofollow"">Twitter for iPhone</a>","theylovetyea",5575,TRUE,FALSE,NA,NA
"11","RT @MCU_Tweets: He still has a date... #AvengersEndgame https://t.co/eeKQVyqgvS",FALSE,0,NA,2018-12-10 09:15:05,FALSE,NA,"1072057102607118336",NA,"<a href=""http://twitter.com/download/iphone"" rel=""nofollow"">Twitter for iPhone</a>","Acbbach",1684,TRUE,FALSE,NA,NA
"12","RT @melting_wine: We request you all to stop asking us to save Tony Stark from space.

#AvengersEndgame #Marvel #NASA #jk",FALSE,0,NA,2018-12-10 09:15:03,FALSE,NA,"1072057095082532864",NA,"<a href=""http://twitter.com/download/android"" rel=""nofollow"">Twitter for Android</a>","d_syha",937,TRUE,FALSE,NA,NA
"13","RT @NifabulousO: Anticipating #AvengersEndgame #Aquaman #JohnWick. Be ready to get your tickets with @oseletickets #NowPlaying #MondayMotiv‚Ä¶",FALSE,0,NA,2018-12-10 09:14:48,FALSE,NA,"1072057031761252352",NA,"<a href=""https://mobile.twitter.com"" rel=""nofollow"">Twitter Lite</a>","Iam_fahmooh",2,TRUE,FALSE,NA,NA
"14","RT @racheljpierce: it's been a long year #AvengersEndgame https://t.co/YGUAFcUNbT",FALSE,0,NA,2018-12-10 09:14:38,FALSE,NA,"1072056986202722304",NA,"<a href=""http://twitter.com/download/android"" rel=""nofollow"">Twitter for Android</a>","Ivan_Darij",2352,TRUE,FALSE,NA,NA
"15","RT @Avengers: Here's your first look at the poster for Marvel Studios' #AvengersEndgame, in theaters April 26, 2019! https://t.co/kPSJKcnriq",FALSE,0,NA,2018-12-10 09:14:35,FALSE,NA,"1072056977591652352",NA,"<a href=""http://twitter.com/download/iphone"" rel=""nofollow"">Twitter for iPhone</a>","GAnekrat",33871,TRUE,FALSE,NA,NA
"16","RT @i_yogesh22: Aree Bc Sarook Sir in #AvengersEndgame üòÇ https://t.co/0s5MuV6WnR",FALSE,0,NA,2018-12-10 09:14:35,FALSE,NA,"1072056975431688192",NA,"<a href=""http://twitter.com/download/android"" rel=""nofollow"">Twitter for Android</a>","Dev_FIRANGI",25,TRUE,FALSE,NA,NA
"17","Now that‚Äôs just amazing. üëå Can you spot #Thor‚Äôs hammer? ü§´

#AvengersEndgame #marvel #nasa https://t.co/1FAilCiU7x",FALSE,0,NA,2018-12-10 09:14:30,FALSE,NA,"1072056954942578688",NA,"<a href=""http://twitter.com/download/iphone"" rel=""nofollow"">Twitter for iPhone</a>","SquareOFortune",0,FALSE,FALSE,NA,NA
"18","Wait what ? Ant man to save us ? 
#Avengers4 #AvengersEndgame",FALSE,0,NA,2018-12-10 09:14:30,FALSE,NA,"1072056954053382144",NA,"<a href=""http://twitter.com/download/iphone"" rel=""nofollow"">Twitter for iPhone</a>","lindo816",0,FALSE,FALSE,NA,NA
"19","RT @NifabulousO: Anticipating #AvengersEndgame #Aquaman #JohnWick. Be ready to get your tickets with @oseletickets #NowPlaying #MondayMotiv‚Ä¶",FALSE,0,NA,2018-12-10 09:14:26,FALSE,NA,"1072056939478167552",NA,"<a href=""http://twitter.com/download/android"" rel=""nofollow"">Twitter for Android</a>","omowale08",2,TRUE,FALSE,NA,NA
"20","RT @YahooMoviesUK: The #AvengersEndgame trailer has smashed the record for most views in 24 hours. https://t.co/mGaqgwp7hA",FALSE,0,NA,2018-12-10 09:14:13,FALSE,NA,"1072056884444708864",NA,"<a href=""http://twitter.com/#!/download/ipad"" rel=""nofollow"">Twitter for iPad</a>","CeceCalabrese",1,TRUE,FALSE,NA,NA
"21","This is the end... #AvengersEndGame https://t.co/cE6HPrhVRu",FALSE,1,NA,2018-12-10 09:14:10,FALSE,NA,"1072056870955872262",NA,"<a href=""http://twitter.com/download/android"" rel=""nofollow"">Twitter for Android</a>","FCruz30",0,FALSE,FALSE,NA,NA
"22","Bring Him Home
#AvengersEndgame 
#TonyStark https://t.co/FWnNH1Y2du",FALSE,0,NA,2018-12-10 09:14:10,FALSE,NA,"1072056868866936832",NA,"<a href=""http://twitter.com/download/android"" rel=""nofollow"">Twitter for Android</a>","nadudusheshe",0,FALSE,FALSE,NA,NA
"23","RT @Avengers: To the greatest fans in the world, thank you for being there from the beginning til the endgame and making Marvel Studios‚Äô #A‚Ä¶",FALSE,0,NA,2018-12-10 09:13:58,FALSE,NA,"1072056820980703232",NA,"<a href=""http://twitter.com/download/iphone"" rel=""nofollow"">Twitter for iPhone</a>","Chiefconhead21",17823,TRUE,FALSE,NA,NA
"24","RT @maddywilson0: one taught me love,
one taught me patience,
one taught me pain,
and one taught me that marvel won‚Äôt give tony stark a bre‚Ä¶",FALSE,0,NA,2018-12-10 09:13:49,FALSE,NA,"1072056780941737984",NA,"<a href=""http://twitter.com/download/android"" rel=""nofollow"">Twitter for Android</a>","s_y_a_m_26",10932,TRUE,FALSE,NA,NA
"25","RT @RenataKonkoly: Tony Stark should not worry for a second, help is on the way. @elonmusk @SpaceX #AvengersEndgame https://t.co/DImN1fzcuN",FALSE,0,NA,2018-12-10 09:13:44,FALSE,NA,"1072056761430011904",NA,"<a href=""http://twitter.com/download/android"" rel=""nofollow"">Twitter for Android</a>","OfficialNozmic",1407,TRUE,FALSE,NA,NA
"26","It's always you.. üí† #AvengersEndgame https://t.co/3bBcHMeJx2",FALSE,0,NA,2018-12-10 09:13:40,FALSE,NA,"1072056746053644288",NA,"<a href=""http://twitter.com/download/android"" rel=""nofollow"">Twitter for Android</a>","EsmeeFoxthing",0,FALSE,FALSE,NA,NA
"27","RT @MCU_Tweets: He still has a date... #AvengersEndgame https://t.co/eeKQVyqgvS",FALSE,0,NA,2018-12-10 09:13:39,FALSE,NA,"1072056740596891654",NA,"<a href=""http://twitter.com/download/android"" rel=""nofollow"">Twitter for Android</a>","IAmMalik2001",1684,TRUE,FALSE,NA,NA
"28","RT @InfinityWarFans: Confirmed. #AvengersEndgame https://t.co/FSqBIY9B9c",FALSE,0,NA,2018-12-10 09:13:37,FALSE,NA,"1072056733613252609",NA,"<a href=""http://twitter.com/download/android"" rel=""nofollow"">Twitter for Android</a>","rybelle",410,TRUE,FALSE,NA,NA
"29","RT @HydroRayz: ‚ÄúPart of the journey is the end.‚Äù

It‚Äôs the perfect time to do this again before #AvengersEndgame https://t.co/tkAQz3Vq0H",FALSE,0,NA,2018-12-10 09:13:36,FALSE,NA,"1072056729679130624",NA,"<a href=""http://twitter.com/download/android"" rel=""nofollow"">Twitter for Android</a>","tafaarrr",5575,TRUE,FALSE,NA,NA
"30","RT @Ashril_92: Time travel confirm

#AvengersEndgame #Avengers4 https://t.co/ixyY3i78ZM",FALSE,0,NA,2018-12-10 09:13:29,FALSE,NA,"1072056699312201728",NA,"<a href=""http://twitter.com/download/iphone"" rel=""nofollow"">Twitter for iPhone</a>","AimanAszman",1014,TRUE,FALSE,NA,NA
"31","RT @racheljpierce: it's been a long year #AvengersEndgame https://t.co/YGUAFcUNbT",FALSE,0,NA,2018-12-10 09:13:24,FALSE,NA,"1072056676579205120",NA,"<a href=""http://twitter.com"" rel=""nofollow"">Twitter Web Client</a>","Caeyen",2352,TRUE,FALSE,NA,NA
"32","RT @HydroRayz: ‚ÄúPart of the journey is the end.‚Äù

It‚Äôs the perfect time to do this again before #AvengersEndgame https://t.co/tkAQz3Vq0H",FALSE,0,NA,2018-12-10 09:13:13,FALSE,NA,"1072056633612587010",NA,"<a href=""http://twitter.com/download/android"" rel=""nofollow"">Twitter for Android</a>","zaayh_",5575,TRUE,FALSE,NA,NA
"33","The #AvengersEndgame trailer has smashed the record for most views in 24 hours. https://t.co/mGaqgwp7hA",FALSE,2,NA,2018-12-10 09:13:00,FALSE,NA,"1072056577966948354",NA,"<a href=""https://about.twitter.com/products/tweetdeck"" rel=""nofollow"">TweetDeck</a>","YahooMoviesUK",1,FALSE,FALSE,NA,NA
"34","RT @loveable_arjun: Tony : Deperessd

CAPTAIN : Crying

Clint : Angry

Antman : HII GUYS üòÉ

#Avengers4
#AvengersEndgame https://t.co/NiGfJP‚Ä¶",FALSE,0,NA,2018-12-10 09:12:43,FALSE,NA,"1072056507183886336",NA,"<a href=""https://mobile.twitter.com"" rel=""nofollow"">Twitter Lite</a>","mohsin_kazmiii",971,TRUE,FALSE,NA,NA
"35","RT @InfinityWarFans: Confirmed. #AvengersEndgame https://t.co/FSqBIY9B9c",FALSE,0,NA,2018-12-10 09:12:38,FALSE,NA,"1072056483821563904",NA,"<a href=""http://twitter.com/download/android"" rel=""nofollow"">Twitter for Android</a>","jaguardocrime",410,TRUE,FALSE,NA,NA
"36","https://t.co/IAjnrcY3Ya true I hurt my leg_ dang boys I'm still angry however it was an awesome show #Superclasico‚Ä¶ https://t.co/UctPQOGM0u",FALSE,0,NA,2018-12-10 09:12:36,TRUE,NA,"1072056475625897985",NA,"<a href=""http://twitter.com/download/android"" rel=""nofollow"">Twitter for Android</a>","RiaEller",0,FALSE,FALSE,NA,NA
"37","RT @Avengers: Here's your first look at the poster for Marvel Studios' #AvengersEndgame, in theaters April 26, 2019! https://t.co/kPSJKcnriq",FALSE,0,NA,2018-12-10 09:12:31,FALSE,NA,"1072056456113872896",NA,"<a href=""http://twitter.com/download/android"" rel=""nofollow"">Twitter for Android</a>","gitoygitoy",33871,TRUE,FALSE,NA,NA
"38","RT @ComicBook: Marvel fans ask @elonmusk to save @RobertDowneyJr‚Äôs Tony Stark, who was revealed in the #AvengersEndgame trailer to be helpl‚Ä¶",FALSE,0,NA,2018-12-10 09:12:27,FALSE,NA,"1072056439630262272",NA,"<a href=""http://twitter.com/download/android"" rel=""nofollow"">Twitter for Android</a>","tron3712",3,TRUE,FALSE,NA,NA
"39","RT @ForAllNerds: The Russos told us months ago the name of the next Avengers movie #AvengersEndGame https://t.co/badmZL9Cya",FALSE,0,NA,2018-12-10 09:12:24,FALSE,NA,"1072056427412418561",NA,"<a href=""http://twitter.com/download/iphone"" rel=""nofollow"">Twitter for iPhone</a>","RaviKapoor",2310,TRUE,FALSE,NA,NA
"40","RT @Avengers: To the greatest fans in the world, thank you for being there from the beginning til the endgame and making Marvel Studios‚Äô #A‚Ä¶",FALSE,0,NA,2018-12-10 09:12:18,FALSE,NA,"1072056402829549569",NA,"<a href=""https://mobile.twitter.com"" rel=""nofollow"">Twitter Lite</a>","paulina_figeroa",17823,TRUE,FALSE,NA,NA
"41","RT @rizurin: i fixed the #AvengersEndgame trailer. https://t.co/idOm7GVPyJ",FALSE,0,NA,2018-12-10 09:12:17,FALSE,NA,"1072056395942420480",NA,"<a href=""http://twitter.com/download/android"" rel=""nofollow"">Twitter for Android</a>","zbshino",1423,TRUE,FALSE,NA,NA
"42","RT @LuckyBonez: Omw to steal yo' girl. #AvengersEndgame
üì∑ @Josh_Florence https://t.co/55814qXIN8",FALSE,0,NA,2018-12-10 09:12:16,FALSE,NA,"1072056394080243712",NA,"<a href=""http://twitter.com/download/android"" rel=""nofollow"">Twitter for Android</a>","HusaamJameel",37,TRUE,FALSE,NA,NA
"43","RT @MCUUpdate: Yep, he really should've. #AvengersEndgame https://t.co/kF66gM2ujH",FALSE,0,NA,2018-12-10 09:12:15,FALSE,NA,"1072056386744393729",NA,"<a href=""http://twitter.com"" rel=""nofollow"">Twitter Web Client</a>","roarilang",229,TRUE,FALSE,NA,NA
"44","RT @MrZornig: You are too late Parker like 14 years
#SpiderMan #AvengersEndgame https://t.co/JVEcko5IpF",FALSE,0,NA,2018-12-10 09:12:08,FALSE,NA,"1072056360718794753",NA,"<a href=""http://twitter.com"" rel=""nofollow"">Twitter Web Client</a>","roarilang",23,TRUE,FALSE,NA,NA
"45","RT @MysiePereira: Carol has a lot to do, Tony.

#comic #comics #marvel #AvengersEndgame #Avengers4 #captainmarvel #caroldanvers #ironman #t‚Ä¶",FALSE,0,NA,2018-12-10 09:12:07,FALSE,NA,"1072056354905280514",NA,"<a href=""http://twitter.com/download/android"" rel=""nofollow"">Twitter for Android</a>","Ephemerallyf",317,TRUE,FALSE,NA,NA
"46","RT @agikun: *painting nonstop for almost 20 hours*
That Endgame trailer is killing me. 
I need to redraw that scene or else I would be in p‚Ä¶",FALSE,0,NA,2018-12-10 09:11:55,FALSE,NA,"1072056302451314689",NA,"<a href=""http://twitter.com/download/android"" rel=""nofollow"">Twitter for Android</a>","7aro_a",1852,TRUE,FALSE,NA,NA
"47","RT @Marvel: To the greatest fans in the world, thank you for being there from the beginning til the endgame and making Marvel Studios‚Äô #Ave‚Ä¶",FALSE,0,NA,2018-12-10 09:11:46,FALSE,NA,"1072056267210817537",NA,"<a href=""http://twitter.com/download/android"" rel=""nofollow"">Twitter for Android</a>","KrishnaRajwad14",3634,TRUE,FALSE,NA,NA
"48","RT @MrNiceGuy18_58: Friendly reminder: 

Endgame is a chess strategy, where you sacrifice all your big and important pieces. 

#AvengersEnd‚Ä¶",FALSE,0,NA,2018-12-10 09:11:42,FALSE,NA,"1072056251092090881",NA,"<a href=""http://twitter.com/download/android"" rel=""nofollow"">Twitter for Android</a>","tomhddlstn",112,TRUE,FALSE,NA,NA
"49","RT @racheljpierce: it's been a long year #AvengersEndgame https://t.co/YGUAFcUNbT",FALSE,0,NA,2018-12-10 09:11:38,FALSE,NA,"1072056234302332929",NA,"<a href=""http://twitter.com/download/android"" rel=""nofollow"">Twitter for Android</a>","Tofushi4",2352,TRUE,FALSE,NA,NA
"50","RT @melting_wine: We request you all to stop asking us to save Tony Stark from space.

#AvengersEndgame #Marvel #NASA #jk",FALSE,0,NA,2018-12-10 09:11:32,FALSE,NA,"1072056207852990465",NA,"<a href=""http://twitter.com/download/android"" rel=""nofollow"">Twitter for Android</a>","razlanshah",937,TRUE,FALSE,NA,NA
"51","NASA IS GOING TO SAVE IRON MAN!! üòÇüòÇüòÇ #AvengersEndgame #NASA https://t.co/L0ZgQ6coc4",FALSE,0,NA,2018-12-10 09:11:30,FALSE,NA,"1072056201087606784",NA,"<a href=""http://twitter.com/download/android"" rel=""nofollow"">Twitter for Android</a>","SakunaIndupa",0,FALSE,FALSE,NA,NA
"52","Yeah..... Dats the effect of #AvengersEndgame trailer..... Even NASA wants him to be saved..... üòÇüòÇüòÇüòÇüòÇ https://t.co/1oj0URjccV",FALSE,0,NA,2018-12-10 09:11:29,FALSE,NA,"1072056197254012929",NA,"<a href=""http://twitter.com/download/android"" rel=""nofollow"">Twitter for Android</a>","sammy_kol",0,FALSE,FALSE,NA,NA
"53","RT @MCU_Tweets: ""Hi, uh, is anyone home? This is Scott Lang. We met a few years ago. At the airport. In Germany. I got really big. Ant-Man?‚Ä¶",FALSE,0,NA,2018-12-10 09:11:24,FALSE,NA,"1072056172709060608",NA,"<a href=""http://twitter.com/download/android"" rel=""nofollow"">Twitter for Android</a>","abdul_ajiya",4654,TRUE,FALSE,NA,NA
"54","RT @MCU_Tweets: ""I finally rest. And watch the sun rise on a grateful universe."" #AvengersEndGame https://t.co/VBBpOuvHD5",FALSE,0,NA,2018-12-10 09:11:08,FALSE,NA,"1072056106900434944",NA,"<a href=""http://twitter.com/download/android"" rel=""nofollow"">Twitter for Android</a>","abdul_ajiya",2426,TRUE,FALSE,NA,NA
"55","RT @MCU_Tweets: He still has a date... #AvengersEndgame https://t.co/eeKQVyqgvS",FALSE,0,NA,2018-12-10 09:11:05,FALSE,NA,"1072056095869419521",NA,"<a href=""http://twitter.com/download/iphone"" rel=""nofollow"">Twitter for iPhone</a>","SansaInWinter",1684,TRUE,FALSE,NA,NA
"56","RT @racheljpierce: it's been a long year #AvengersEndgame https://t.co/YGUAFcUNbT",FALSE,0,NA,2018-12-10 09:10:53,FALSE,NA,"1072056046091362305",NA,"<a href=""http://twitter.com/download/iphone"" rel=""nofollow"">Twitter for iPhone</a>","artsytater",2352,TRUE,FALSE,NA,NA
"57","RT @RenataKonkoly: Tony Stark should not worry for a second, help is on the way. @elonmusk @SpaceX #AvengersEndgame https://t.co/DImN1fzcuN",FALSE,0,NA,2018-12-10 09:10:48,FALSE,NA,"1072056023291215872",NA,"<a href=""http://twitter.com/download/android"" rel=""nofollow"">Twitter for Android</a>","Flekzito",1407,TRUE,FALSE,NA,NA
"58","RT @maddywilson0: one taught me love,
one taught me patience,
one taught me pain,
and one taught me that marvel won‚Äôt give tony stark a bre‚Ä¶",FALSE,0,NA,2018-12-10 09:10:46,FALSE,NA,"1072056013568729089",NA,"<a href=""http://twitter.com/download/iphone"" rel=""nofollow"">Twitter for iPhone</a>","Dinnieeeeee",10932,TRUE,FALSE,NA,NA
"59","RT @MCU_Tweets: The new #AvengersEndGame trailer reveals that Shuri was also a victim of Thanos' snap... https://t.co/BgtJW9xenP",FALSE,0,NA,2018-12-10 09:10:45,FALSE,NA,"1072056012365008897",NA,"<a href=""http://twitter.com/download/android"" rel=""nofollow"">Twitter for Android</a>","abdul_ajiya",1958,TRUE,FALSE,NA,NA
"60","RT @MCU_Tweets: As if there weren't enough reasons to be excited... #AvengersEndGame https://t.co/vZw8G7LlOy",FALSE,0,NA,2018-12-10 09:10:45,FALSE,NA,"1072056012276936704",NA,"<a href=""http://twitter.com/download/android"" rel=""nofollow"">Twitter for Android</a>","abdul_ajiya",1305,TRUE,FALSE,NA,NA
"61","RT @RenataKonkoly: Tony Stark should not worry for a second, help is on the way. @elonmusk @SpaceX #AvengersEndgame https://t.co/DImN1fzcuN",FALSE,0,NA,2018-12-10 09:10:45,FALSE,NA,"1072056009076678656",NA,"<a href=""http://twitter.com/download/android"" rel=""nofollow"">Twitter for Android</a>","elsascuriosity",1407,TRUE,FALSE,NA,NA
"62","RT @racheljpierce: it's been a long year #AvengersEndgame https://t.co/YGUAFcUNbT",FALSE,0,NA,2018-12-10 09:10:41,FALSE,NA,"1072055995549966337",NA,"<a href=""http://twitter.com/download/android"" rel=""nofollow"">Twitter for Android</a>","patriciatumulak",2352,TRUE,FALSE,NA,NA
"63","RT @ComicBookCast: Watch out Thanos ü§£ #AvengersEndgame https://t.co/sTJOjgBqKm",FALSE,0,NA,2018-12-10 09:10:39,FALSE,NA,"1072055983793410048",NA,"<a href=""http://twitter.com/download/iphone"" rel=""nofollow"">Twitter for iPhone</a>","biggs_jamie",306,TRUE,FALSE,NA,NA
"64","Listen to @NASA they always had the solution!! ‚úåüèª #marvel #AvengersEndgame https://t.co/g3zpzza2CA",FALSE,0,NA,2018-12-10 09:10:36,FALSE,NA,"1072055971755819013",NA,"<a href=""http://twitter.com/download/iphone"" rel=""nofollow"">Twitter for iPhone</a>","omorfitkata",0,FALSE,FALSE,NA,NA
"65","RT @racheljpierce: it's been a long year #AvengersEndgame https://t.co/YGUAFcUNbT",FALSE,0,NA,2018-12-10 09:10:34,FALSE,NA,"1072055963337744385",NA,"<a href=""http://twitter.com/download/android"" rel=""nofollow"">Twitter for Android</a>","Ephemerallyf",2352,TRUE,FALSE,NA,NA
"66","RT @Avengers: To the greatest fans in the world, thank you for being there from the beginning til the endgame and making Marvel Studios‚Äô #A‚Ä¶",FALSE,0,NA,2018-12-10 09:10:31,FALSE,NA,"1072055951253942273",NA,"<a href=""http://twitter.com/download/iphone"" rel=""nofollow"">Twitter for iPhone</a>","zAndRA_AleX__",17823,TRUE,FALSE,NA,NA
"67","RT @melting_wine: We request you all to stop asking us to save Tony Stark from space.

#AvengersEndgame #Marvel #NASA #jk",FALSE,0,NA,2018-12-10 09:10:24,FALSE,NA,"1072055921763737600",NA,"<a href=""http://twitter.com/download/android"" rel=""nofollow"">Twitter for Android</a>","_izyann",937,TRUE,FALSE,NA,NA
"68","RT @MCU_Tweets: He's come so far... #AvengersEndGame https://t.co/zHezmEqNUc",FALSE,0,NA,2018-12-10 09:10:21,FALSE,NA,"1072055911999508480",NA,"<a href=""http://twitter.com/download/android"" rel=""nofollow"">Twitter for Android</a>","abdul_ajiya",5728,TRUE,FALSE,NA,NA
"69","RT @MCU_Tweets: The word ""endgame"" has been said on-screen twice in the MCU... #AvengersEndgame https://t.co/wiUsxDv6zF",FALSE,0,NA,2018-12-10 09:10:10,FALSE,NA,"1072055862884270080",NA,"<a href=""http://twitter.com/download/android"" rel=""nofollow"">Twitter for Android</a>","abdul_ajiya",3256,TRUE,FALSE,NA,NA
"70","RT @agikun: *painting nonstop for almost 20 hours*
That Endgame trailer is killing me. 
I need to redraw that scene or else I would be in p‚Ä¶",FALSE,0,NA,2018-12-10 09:10:04,FALSE,NA,"1072055838712295424",NA,"<a href=""http://twitter.com/download/android"" rel=""nofollow"">Twitter for Android</a>","Shrimp_tommy",1852,TRUE,FALSE,NA,NA
"71","RT @MCU_Tweets: Ouch... #AvengersEndgame https://t.co/fc5sjaUSsa",FALSE,0,NA,2018-12-10 09:10:02,FALSE,NA,"1072055831506620417",NA,"<a href=""http://twitter.com/download/android"" rel=""nofollow"">Twitter for Android</a>","abdul_ajiya",3865,TRUE,FALSE,NA,NA
"72","RT @melting_wine: We request you all to stop asking us to save Tony Stark from space.

#AvengersEndgame #Marvel #NASA #jk",FALSE,0,NA,2018-12-10 09:09:56,FALSE,NA,"1072055806319718401",NA,"<a href=""http://twitter.com/download/iphone"" rel=""nofollow"">Twitter for iPhone</a>","ztyrzn",937,TRUE,FALSE,NA,NA
"73","RT @MCU_Tweets: It's always you. #AvengersEndgame https://t.co/4kvynCFfbQ",FALSE,0,NA,2018-12-10 09:09:56,FALSE,NA,"1072055805162201093",NA,"<a href=""http://twitter.com/download/android"" rel=""nofollow"">Twitter for Android</a>","abdul_ajiya",3810,TRUE,FALSE,NA,NA
"74","How #TonyStark makes it back to earth in #AvengersEndgame.

#elonmusk https://t.co/Uw7xHAyYHL",FALSE,0,NA,2018-12-10 09:09:55,FALSE,NA,"1072055799264858114",NA,"<a href=""http://twitter.com/download/android"" rel=""nofollow"">Twitter for Android</a>","TechRadioTweets",0,FALSE,FALSE,NA,NA
"75","RT @agikun: *painting nonstop for almost 20 hours*
That Endgame trailer is killing me. 
I need to redraw that scene or else I would be in p‚Ä¶",FALSE,0,NA,2018-12-10 09:09:36,FALSE,NA,"1072055721670443008",NA,"<a href=""http://twitter.com/download/android"" rel=""nofollow"">Twitter for Android</a>","elsascuriosity",1852,TRUE,FALSE,NA,NA
"76","Avengers Legacy #AvengersEndGame https://t.co/7d63TpT6Kx",FALSE,1,NA,2018-12-10 09:09:29,FALSE,NA,"1072055693455355904",NA,"<a href=""http://twitter.com/download/android"" rel=""nofollow"">Twitter for Android</a>","FCruz30",0,FALSE,FALSE,NA,NA
"77","RT @ComicBookCast: Watch out Thanos ü§£ #AvengersEndgame https://t.co/sTJOjgBqKm",FALSE,0,NA,2018-12-10 09:09:26,FALSE,NA,"1072055679433797632",NA,"<a href=""http://twitter.com/download/android"" rel=""nofollow"">Twitter for Android</a>","GuGuz",306,TRUE,FALSE,NA,NA
"78","RT @ComicBook: #AvengersEndgame fans are begging @NASA to rescue Tony Stark from space:
https://t.co/BQyZ655Rj2 https://t.co/8lq0NMOkLo",FALSE,0,NA,2018-12-10 09:09:17,FALSE,NA,"1072055641936560128",NA,"<a href=""http://twitter.com/download/iphone"" rel=""nofollow"">Twitter for iPhone</a>","bellagrace10__",77,TRUE,FALSE,NA,NA
"79","RT @racheljpierce: it's been a long year #AvengersEndgame https://t.co/YGUAFcUNbT",FALSE,0,NA,2018-12-10 09:09:07,FALSE,NA,"1072055600639438850",NA,"<a href=""http://twitter.com/download/android"" rel=""nofollow"">Twitter for Android</a>","chamomilechay",2352,TRUE,FALSE,NA,NA
"80","RT @MCU_Tweets: He still has a date... #AvengersEndgame https://t.co/eeKQVyqgvS",FALSE,0,NA,2018-12-10 09:08:52,FALSE,NA,"1072055535191515136",NA,"<a href=""http://twitter.com/download/android"" rel=""nofollow"">Twitter for Android</a>","bernaldanicaaa",1684,TRUE,FALSE,NA,NA
"81","RT @artxtom: They deserve happiness.
#AvengersEndGame https://t.co/M7mGrAz8fG",FALSE,0,NA,2018-12-10 09:08:47,FALSE,NA,"1072055517500071936",NA,"<a href=""http://twitter.com"" rel=""nofollow"">Twitter Web Client</a>","roarilang",261,TRUE,FALSE,NA,NA
"82","RT @artxtom: Part of the journey is the end.
#AvengersEndgame https://t.co/M1VhT5vt6T",FALSE,0,NA,2018-12-10 09:08:41,FALSE,NA,"1072055490677489667",NA,"<a href=""http://twitter.com"" rel=""nofollow"">Twitter Web Client</a>","roarilang",82,TRUE,FALSE,NA,NA
"83","What if Ant-Man is actually still stuck in the quantum realm and the Scott Lang that turns up outside the Avengers‚Ä¶ https://t.co/wQvDQbdZi5",FALSE,0,NA,2018-12-10 09:08:34,TRUE,NA,"1072055459991969792",NA,"<a href=""http://twitter.com/download/iphone"" rel=""nofollow"">Twitter for iPhone</a>","_AC1__",0,FALSE,FALSE,NA,NA
"84","RT @itsjustanx: WORLD‚ÄôS GREATEST GRANDMA IS SAVING THE DAY #AvengersEndgame https://t.co/VNkXJu2hXO",FALSE,0,NA,2018-12-10 09:08:29,FALSE,NA,"1072055442023473152",NA,"<a href=""http://twitter.com/download/iphone"" rel=""nofollow"">Twitter for iPhone</a>","Rinokoyoyo",1030,TRUE,FALSE,NA,NA
"85","RT @Avengers: To the greatest fans in the world, thank you for being there from the beginning til the endgame and making Marvel Studios‚Äô #A‚Ä¶",FALSE,0,NA,2018-12-10 09:08:26,FALSE,NA,"1072055429642010624",NA,"<a href=""http://twitter.com/download/android"" rel=""nofollow"">Twitter for Android</a>","AdityaGoyal181",17823,TRUE,FALSE,NA,NA
"86","RT @Marvel: ICYMI: See the new trailer and poster for Marvel Studios' #AvengersEndgame, coming to theaters April 26, 2019: https://t.co/QZY‚Ä¶",FALSE,0,NA,2018-12-10 09:08:23,FALSE,NA,"1072055415142277120",NA,"<a href=""http://twitter.com/download/android"" rel=""nofollow"">Twitter for Android</a>","fandom_delena",1447,TRUE,FALSE,NA,NA
"87","RT @harleivy: ""i wouldn't be alive, unless it was for a reason.""

tony stark is the heart and soul of the marvel cinematic universe. he's r‚Ä¶",FALSE,0,NA,2018-12-10 09:08:22,FALSE,NA,"1072055412441186304",NA,"<a href=""http://twitter.com/download/android"" rel=""nofollow"">Twitter for Android</a>","peraltiaigo",4235,TRUE,FALSE,NA,NA
"88","RT @racheljpierce: it's been a long year #AvengersEndgame https://t.co/YGUAFcUNbT",FALSE,0,NA,2018-12-10 09:08:19,FALSE,NA,"1072055400307023872",NA,"<a href=""http://twitter.com/download/android"" rel=""nofollow"">Twitter for Android</a>","catsilver_",2352,TRUE,FALSE,NA,NA
"89","RT @RenataKonkoly: Tony Stark should not worry for a second, help is on the way. @elonmusk @SpaceX #AvengersEndgame https://t.co/DImN1fzcuN",FALSE,0,NA,2018-12-10 09:08:15,FALSE,NA,"1072055382221045760",NA,"<a href=""http://twitter.com/download/iphone"" rel=""nofollow"">Twitter for iPhone</a>","DaneDolla23",1407,TRUE,FALSE,NA,NA
"90","RT @InfinityWarFans: Confirmed. #AvengersEndgame https://t.co/FSqBIY9B9c",FALSE,0,NA,2018-12-10 09:08:13,FALSE,NA,"1072055372532183040",NA,"<a href=""http://twitter.com/download/android"" rel=""nofollow"">Twitter for Android</a>","evikomkom",410,TRUE,FALSE,NA,NA
"91","RT @melting_wine: We request you all to stop asking us to save Tony Stark from space.

#AvengersEndgame #Marvel #NASA #jk",FALSE,0,NA,2018-12-10 09:08:07,FALSE,NA,"1072055347488055296",NA,"<a href=""http://twitter.com/download/android"" rel=""nofollow"">Twitter for Android</a>","dindaditaM",937,TRUE,FALSE,NA,NA
"92","RT @melting_wine: We request you all to stop asking us to save Tony Stark from space.

#AvengersEndgame #Marvel #NASA #jk",FALSE,0,NA,2018-12-10 09:08:03,FALSE,NA,"1072055331717562368",NA,"<a href=""http://twitter.com/download/android"" rel=""nofollow"">Twitter for Android</a>","KittieHill",937,TRUE,FALSE,NA,NA
"93","RT @melting_wine: We request you all to stop asking us to save Tony Stark from space.

#AvengersEndgame #Marvel #NASA #jk",FALSE,0,NA,2018-12-10 09:07:59,FALSE,NA,"1072055314608844800",NA,"<a href=""http://twitter.com/download/android"" rel=""nofollow"">Twitter for Android</a>","aimannotpenyu",937,TRUE,FALSE,NA,NA
"94","RT @saii_h: It is not at all funny! üíî #AvengersEndgame https://t.co/WVEUGY9DzF",FALSE,0,NA,2018-12-10 09:07:52,FALSE,NA,"1072055286209351682",NA,"<a href=""http://twitter.com"" rel=""nofollow"">Twitter Web Client</a>","roarilang",22,TRUE,FALSE,NA,NA
"95","RT @Marvel: To the greatest fans in the world, thank you for being there from the beginning til the endgame and making Marvel Studios‚Äô #Ave‚Ä¶",FALSE,0,NA,2018-12-10 09:07:52,FALSE,NA,"1072055283889856512",NA,"<a href=""http://twitter.com/download/android"" rel=""nofollow"">Twitter for Android</a>","DHFM84266682",3634,TRUE,FALSE,NA,NA
"96","RT @racheljpierce: it's been a long year #AvengersEndgame https://t.co/YGUAFcUNbT",FALSE,0,NA,2018-12-10 09:07:49,FALSE,NA,"1072055273924087808",NA,"<a href=""http://twitter.com/download/android"" rel=""nofollow"">Twitter for Android</a>","dix_kin",2352,TRUE,FALSE,NA,NA
"97","RT @racheljpierce: it's been a long year #AvengersEndgame https://t.co/YGUAFcUNbT",FALSE,0,NA,2018-12-10 09:07:45,FALSE,NA,"1072055257419653120",NA,"<a href=""http://twitter.com/download/android"" rel=""nofollow"">Twitter for Android</a>","IIPurpleLineII",2352,TRUE,FALSE,NA,NA
"98","RT @RenataKonkoly: Tony Stark should not worry for a second, help is on the way. @elonmusk @SpaceX #AvengersEndgame https://t.co/DImN1fzcuN",FALSE,0,NA,2018-12-10 09:07:44,FALSE,NA,"1072055250394206209",NA,"<a href=""http://twitter.com/download/android"" rel=""nofollow"">Twitter for Android</a>","Otage_de_Aries",1407,TRUE,FALSE,NA,NA
"99","RT @ComicBook: #AvengersEndgame fans are begging @NASA to rescue Tony Stark from space:
https://t.co/BQyZ655Rj2 https://t.co/StkACW6Gqn",FALSE,0,NA,2018-12-10 09:07:43,FALSE,NA,"1072055248951410688",NA,"<a href=""http://twitter.com/download/android"" rel=""nofollow"">Twitter for Android</a>","Bibahahah",112,TRUE,FALSE,NA,NA
"100","RT @racheljpierce: it's been a long year #AvengersEndgame https://t.co/YGUAFcUNbT",FALSE,0,NA,2018-12-10 09:07:34,FALSE,NA,"1072055209772359680",NA,"<a href=""http://twitter.com/download/android"" rel=""nofollow"">Twitter for Android</a>","AutisticConnors",2352,TRUE,FALSE,NA,NA
